RS - Keywords,Volume,,EN - POS,Volume,EN - Payment Processor,Volume,EN - E Invoicing,Volume
e fakture,75000,,best pos system for small business,2300,payment service network,1900,e invoicing,1200
e faktura,5800,,pos transaction,1800,best payment processor for small business,1200,tax compliance software,900
pos,1000,,best pos for small business,1500,how to accept contactless payments,1100,e-invoicing,900
pos terminal,800,,salon pos software,1500,payment options for small business,500,e invoicing software,900
sistem elektronskih faktura,700,,pos debit,1100,payment technology,500,electronic invoicing,800
fiskalne kase,600,,bar pos system,1100,retail payment solutions,500,electronic invoicing software,600
fiskalna kasa,400,,best pos system for restaurant,1100,payment methods for small businesses,400,e invoicing solutions,500
rfid,300,,list of restaurant pos systems,1100,payment systems for small businesses,350,sales tax compliance software,450
fiskalne kase cena,300,,pos system cost,1100,cbd payment processor,250,peppol e invoicing,300
kasa,300,,pos 24,1000,payment screen,250,netsuite electronic invoicing,250
fiskalna kasa cena,250,,pos experience,1000,virtual payment terminal,250,electronic invoicing system,250
e fakture sef,200,,restaurant pos systems list,1000,cheapest online payment processing,200,e invoicing solution,250
bar kod citac,200,,best pos,900,contactless payment solutions,200,e invoicing regulations,200
e fiskalizacija,200,,best restaurant pos systems,800,how to start a payment processing company,200,peppol e-invoicing,200
fiskalni racun,200,,pos data,800,payment networks,200,e-invoicing solutions,200
sistem e faktura,150,,liquor store pos systems,800,payment processing jobs,200,e invoicing uk,200
barkod citac,150,,pos 2,700,virtual terminal payments,200,e-invoicing malaysia,150
efiskalizacija,150,,pos system price,700,best way to accept payments for small business,150,what is electronic invoicing,150
nove fiskalne kase cena,150,,pos purchase,600,free payment processing for small business,150,best tax compliance software,150
sta je marza,150,,bar pos,600,how to set up recurring payments for customers,150,best sales tax compliance software for small business,150
sta je sap program,100,,salon pos system,600,mobile payment options for small business,150,electronic invoicing regulations,150
rfid citac,100,,pos integration,600,payment methods for small business,150,e-invoicing compliance,150
pos terminal cena,100,,pos means,600,retail payment systems,150,what is peppol e-invoicing,150
sta je faktura,100,,convenience store pos system,500,small business payment methods,150,e invoicing solution providers,150
polovne fiskalne kase cena,100,,what is a pos system in a restaurant,500,unified payment platform,150,e-invoicing requirements,150
pos terminali,90,,pos crm,500,virtual payment processing,150,global tax compliance software,150
rfid kartice,80,,best restaurant pos,500,virtual payments,150,e invoicing system,150
fiskalne kase za pausalce,80,,bar pos software,450,best small business payment processing,100,e invoicing malaysia,150
barkod skener,70,,salon pos,450,bill payment processing center sioux falls,100,e invoicing api,150
e fiskal,70,,pos terminals,450,countertop payment terminal,100,e invoicing requirements,150
fiskal tehnika,70,,touch screen pos system,450,mobile payment apps for small businesses,100,poland e invoicing,150
bar kod skener,70,,liquor store pos system,400,payment processing 101,100,automated tax compliance software,150
fiskalni racun za pravna lica,70,,pos systems for bars,400,payment processing for restaurants,100,electronic invoicing saudi arabia,150
fiskalna kasa za pausalce,50,,hotel pos system,400,payment processor job description,100,payroll tax compliance software,150
fiskalne kase beograd,50,,how much does a pos system cost,400,payment terminals for small businesses,100,electronic invoicing solution,150
kasa fiskalna,50,,pos system for bar,350,payments in retail,100,sales and use tax compliance software,150
cena fiskalne kase,50,,convenience store pos,350,qr code payment restaurant,100,e-invoicing itms,150
pos terminal za kartice,50,,best restaurants pos systems,350,run payments,100,what is e invoicing,150
efiskal,50,,pos terminal machine,350,wireless payment terminal,100,best software to handle sales tax and vat compliance,150
fiskalna kasa za preduzetnike,50,,how to use pos system,350,business payment data,90,zatca e invoicing,150
fiskalne kase za pausalce cena,40,,tablet pos system,350,crm with payment processing,90,electronic invoicing solutions,150
fiskalne kase cene,40,,cloud based pos system,350,how to accept payments as a small business,90,what is e-invoicing,150
android fiskalna kasa,40,,best bar pos system,350,payment gateway canada,90,e-invoicing system,150
saturn 1000 fiskalna kasa,40,,liquor store pos,350,payment processing meaning,90,e invoicing compliance,150
bar kod citac cena,40,,pos loyalty program,350,payment solutions for ecommerce,90,benefits of e invoicing,100
odjava fiskalne kase,40,,pos scanner,350,payment machine for small business,80,supplier e-invoicing solution,100
online fiskalna kasa,40,,what is a pos purchase,300,restaurant payment,80,e invoicing singapore,100
fiskalne kase nis,40,,what is pos debit,300,ways to accept payments online,80,customer e-invoicing,100
rfid kartica,40,,liquor store pos software,300,business payments network,70,e invoicing meaning,100
virtuelna fiskalna kasa poreska uprava,40,,pos system for convenience store,300,payment accepted sign,70,e invoicing software solutions,100
vip uredjaji,40,,supermarket pos system,300,payment processor jobs,70,e invoicing portal,100
bezbednosni element za fiskalnu kasu,40,,spa pos,300,payment run,70,peppol e-invoicing australia,100
sifre delatnosti za koje nije potrebna fiskalna kasa,30,,cloud based pos,300,restaurant payments,70,e-invoicing regulations,100
zahtev za bezbednosni element,30,,cloud pos system,300,cbd payment terms,60,e invoicing benefits,100
digitalna fiskalna kasa,30,,tablet pos,300,free online payment processing for small business,60,benefits of e-invoicing,100
fiskalne kase na rate,30,,cafe pos,300,how to accept square payments,60,e invoicing gst,100
fiskalna kasa preko kompjutera,30,,break-even point calculator,300,how to start a payment processing business,60,e invoicing europe,100
softver za fiskalne kase,30,,bakery pos,250,how to take payments as a small business,60,,
sta je minuli rad,30,,bar pos systems,250,influencer payment platform,60,,
fiskalna kasa galeb,30,,pos for bars,250,retail payment solution,60,,
castles fiskalna kasa uputstvo,30,,grocery store pos,250,start payment processing company,60,,
mobilne fiskalne kase,30,,quick service pos,250,virtual terminal payment,60,,
polovne fiskalne kase,30,,what is pos in retail,250,best small business payment system,50,,
pos stampaci,30,,types of pos systems,250,best way for small business to accept payments,50,,
fiskalni račun,30,,custom pos,250,best way to take payments small business,50,,
fiskalna kasa uputstvo,30,,top pos systems for restaurants,250,canadian payment processors,50,,
fiskalne kase ne rade,30,,coffee shop pos system,250,contactless payment merchants,50,,
program za fakturisanje,20,,handheld pos,250,countertop payment terminals,50,,
rfid čitač,20,,pos cost,250,hemp payment processing,50,,
fiskalne kase kupujemprodajem,20,,pos price,250,mobile payment solutions for small business,50,,
e fiskalna kasa,20,,what is experience in pos,250,payment virtual terminal,50,,
virtuelna fiskalna kasa,20,,best pos systems for small business,200,,,,
sta je avansno placanje,20,,clover post office,200,,,,
trake za fiskalne kase,20,,portable pos,200,,,,
esir fiskalna kasa,20,,web pos,200,,,,
program za fiskalne kase,20,,best pos system for liquor store,200,,,,
e kasa,20,,pos system for liquor store,200,,,,
fiskalne kase prodaja,20,,bakery pos system,200,,,,
papir za fiskalne kase,20,,pos system for bars,200,,,,
termo rolne za fiskalne kase,20,,pos systems for bar,200,,,,
fiskalni stampac,10,,pos for convenience store,200,,,,
fiskalne kase galeb,10,,pos for grocery store,200,,,,
e-fiskalizacija,10,,gym pos software,200,,,,
sta je broj racuna na novom fiskalnom racunu,10,,gym pos system,200,,,,
,,,pos system for nail salon,200,,,,
,,,order counter pos,200,,,,
,,,qsr pos,200,,,,
,,,what is pos in restaurant,200,,,,
,,,what is pos system for restaurant,200,,,,
,,,grocery store pos system,200,,,,
,,,types of pos systems for retail,200,,,,
,,,beauty salon pos system,200,,,,
,,,hair salon pos,200,,,,
,,,hair salon pos software,200,,,,
,,,salon pos systems,200,,,,
,,,pos system integration,200,,,,
,,,how much is a pos system,200,,,,
,,,pos truck,200,,,,
,,,contactless pos,200,,,,
,,,golf pose,200,,,,
,,,old restaurant pos systems,200,,,,
,,,pos tablet,200,,,,
,,,cafe pos system,200,,,,
,,,coffee shop pos,200,,,,
,,,pos for coffee shop,200,,,,
,,,pos display,200,,,,
,,,pos displays,200,,,,
,,,hotel pos,200,,,,
,,,pos supply,200,,,,
,,,cheapest pos system,200,,,,
,,,pos security,200,,,,
,,,experience in pos,200,,,,
,,,hair salon point of sale,200,,,,
,,,point icon,200,,,,
,,,point of sale design,200,,,,
,,,point of sales display,200,,,,
,,,point of sales equipment,200,,,,
,,,salon point of sale,200,,,,
,,,spa point of sale,200,,,,
,,,tablet point of sale,200,,,,
,,,best pos for coffee shop,150,,,,
,,,best pos system for coffee shop,150,,,,
,,,best retail pos systems for small business,150,,,,
,,,cbd pos system,150,,,,
,,,pos design,150,,,,
,,,pos materials,150,,,,
,,,pos transaction on bank statement,150,,,,
,,,used pos system for sale,150,,,,
,,,what is pos in banking,150,,,,
,,,best pos for liquor store,150,,,,
,,,golf course pos systems,150,,,,
,,,golf pos systems,150,,,,
,,,pos for quickbooks,150,,,,
,,,pos dashboard,150,,,,
,,,barber shop pos,150,,,,
,,,pos system for barber shop,150,,,,
,,,best pos for bars,150,,,,
,,,pos system bar,150,,,,
,,,clothing store pos,150,,,,
,,,pos system for clothing store,150,,,,
,,,grocery pos,150,,,,
,,,pos rental,150,,,,
,,,gym pos,150,,,,
,,,nail salon pos,150,,,,
,,,nail salon pos system,150,,,,
,,,pos pizza,150,,,,
,,,fast food pos,150,,,,
,,,quick service restaurant pos,150,,,,
,,,handheld pos systems for restaurants,150,,,,
,,,how does a restaurant pos system work,150,,,,
,,,how to use pos system restaurant,150,,,,
,,,pos table management,150,,,,
,,,types of pos systems for restaurants,150,,,,
,,,what is pos system in a restaurant,150,,,,
,,,what is pos system in restaurant,150,,,,
,,,best pos system for grocery store,150,,,,
,,,grocery pos software,150,,,,
,,,instore pos,150,,,,
,,,pos system for grocery store,150,,,,
,,,beauty salon pos,150,,,,
,,,best salon pos system,150,,,,
,,,pos salon,150,,,,
,,,salon pos app,150,,,,
,,,enterprise pos,150,,,,
,,,integrated pos system,150,,,,
,,,pos system features,150,,,,
,,,pos system types,150,,,,
,,,pos report,150,,,,
,,,pos reporting,150,,,,
,,,tea pos,150,,,,
,,,pos system with loyalty program,150,,,,
,,,pos ecommerce integration,150,,,,
,,,virtual pos,150,,,,
,,,best mobile pos system,150,,,,
,,,best pos for food truck,150,,,,
,,,best small business pos system,150,,,,
,,,how much is pos system,150,,,,
,,,pos for food truck,150,,,,
,,,pos reseller,150,,,,
,,,touch screen pos,150,,,,
,,,pos contactless,150,,,,
,,,how to use a pos system,150,,,,
,,,touch screen pos systems,150,,,,
,,,best pos for small restaurant,150,,,,
,,,best restaurant pos system,150,,,,
,,,pos lite,150,,,,
,,,pos for ipad,150,,,,
,,,experience pos,150,,,,
,,,best pos system for cafe,150,,,,
,,,cafe pos software,150,,,,
,,,pos cafe,150,,,,
,,,pos for cafe,150,,,,
,,,pos system for cafe,150,,,,
,,,best pos system for bar,150,,,,
,,,hotel pos systems,150,,,,
,,,experience: pos,150,,,,
,,,bike shop pos system,150,,,,
,,,wireless pos,150,,,,
,,,pet store pos,150,,,,
,,,cost of a pos system,150,,,,
,,,cost of pos,150,,,,
,,,pos pricing,150,,,,
,,,pos system cost per month,150,,,,
,,,pos system pricing,150,,,,
,,,pos software development company,150,,,,
,,,handheld pos machine,150,,,,
,,,breakeven point calculator,150,,,,
,,,cafe point of sale,150,,,,
,,,grocery store point of sale,150,,,,
,,,hotel point of sale systems,150,,,,
,,,point of sale cost,150,,,,
,,,point of sale finance,150,,,,
,,,point of sale for grocery store,150,,,,
,,,point of sale software for hair salon,150,,,,
,,,point of sale systems cost,150,,,,
,,,point of sale tablet,150,,,,
,,,salon point of sale software,150,,,,
,,,salon point of sale systems,150,,,,
,,,spa point of sale software,150,,,,
,,,types of point of sale systems,150,,,,
,,,what is point of sale systems for restaurants,150,,,,
,,,best pos systems for small businesses,100,,,,
,,,flex post,100,,,,
,,,how to track pos transaction,100,,,,
,,,pos cashier machine,100,,,,
,,,pos on bank statement,100,,,,
,,,pos payment terminal,100,,,,
,,,pos screen,100,,,,
,,,pos systems for small businesses,100,,,,
,,,what is a pos debit,100,,,,
,,,white label pos system,100,,,,
,,,pos accounting,100,,,,
,,,bakery pos software,100,,,,
,,,bar pos system cost,100,,,,
,,,best pos system for bars,100,,,,
,,,brewery pos system,100,,,,
,,,pos system for a bar,100,,,,
,,,boutique pos,100,,,,
,,,clothing store pos system,100,,,,
,,,wash dry fold pos,100,,,,
,,,jewelry store pos system,100,,,,
,,,best pizza pos system,100,,,,
,,,pizza pos,100,,,,
,,,pos system for pizza shop,100,,,,
,,,fast food pos system,100,,,,
,,,qsr pos system,100,,,,
,,,quick service pos system,100,,,,
,,,quick service restaurant pos system,100,,,,
,,,different pos systems for restaurants,100,,,,
,,,restaurant pos integration,100,,,,
,,,best pos system for small grocery store,100,,,,
,,,pos for supermarket,100,,,,
,,,pos system for small grocery store,100,,,,
,,,pos system grocery store,100,,,,
,,,supermarket pos,100,,,,
,,,supermarket pos software,100,,,,
,,,beauty salon pos software,100,,,,
,,,hair salon pos system,100,,,,
,,,pos software for beauty salon,100,,,,
,,,pos system for beauty salon,100,,,,
,,,pos system for hair salon,100,,,,
,,,spa pos system,100,,,,
,,,pos repair,100,,,,
,,,all in one pos terminal,100,,,,
,,,benefits of pos system,100,,,,
,,,enterprise pos software,100,,,,
,,,enterprise pos system,100,,,,
,,,pos cashier,100,,,,
,,,pos station,100,,,,
,,,pos system for small businesses,100,,,,
,,,terminal management system pos,100,,,,
,,,wholesale pos,100,,,,
,,,best pos system for smoke shop,100,,,,
,,,pos system for smoke shop,100,,,,
,,,smoke shop pos system,100,,,,
,,,vape shop pos,100,,,,
,,,pos and ecommerce integration,100,,,,
,,,best food truck pos system,100,,,,
,,,how much do pos systems cost,100,,,,
,,,pos tablets,100,,,,
,,,how to work a pos system,100,,,,
,,,best free pos software,100,,,,
,,,best pos for restaurants,100,,,,
,,,best pos restaurant,100,,,,
,,,best pos system australia,100,,,,
,,,pos services call,100,,,,
,,,cloud based pos systems,100,,,,
,,,food tech pos,100,,,,
,,,cafe pos systems,100,,,,
,,,coffee pos,100,,,,
,,,pos system cafe,100,,,,
,,,pos system for coffee shop,100,,,,
,,,pos hotel,100,,,,
,,,pos handheld,100,,,,
,,,pos handheld devices,100,,,,
,,,pos simulator,100,,,,
,,,what dies pos mean,100,,,,
,,,bike shop pos,100,,,,
,,,pos game,100,,,,
,,,hardware store pos system,100,,,,
,,,tablet pos hardware,100,,,,
,,,furniture store pos system,100,,,,
,,,pos for liquor store,100,,,,
,,,multi store pos,100,,,,
,,,mobile pos terminals,100,,,,
,,,wireless pos machine,100,,,,
,,,pet store pos system,100,,,,
,,,pos charges,100,,,,
,,,pos fees,100,,,,
,,,pos software price,100,,,,
,,,pos system costs,100,,,,
,,,pos system prices,100,,,,
,,,pos systems price,100,,,,
,,,pos icon,100,,,,
,,,pos software development,100,,,,
,,,car point of sale,100,,,,
,,,coffee shop point of sale system,100,,,,
,,,convenience store point of sale,100,,,,
,,,convenience store point of sale system,100,,,,
,,,enterprise point of sale,100,,,,
,,,grocery point of sale,100,,,,
,,,liquor store point of sale system,100,,,,
,,,point loma bars,100,,,,
,,,point of sale bar,100,,,,
,,,point of sale ipad stand,100,,,,
,,,point of sale machine price,100,,,,
,,,point of sale report,100,,,,
,,,resource point of sale,100,,,,
,,,winery point of sale systems,100,,,,
,,,best pos system for small businesses,90,,,,
,,,best small business pos,90,,,,
,,,pos system for hardware store,90,,,,
,,,pos system with barcode scanner,90,,,,
,,,bookstore pos system,90,,,,
,,,best pos system for convenience stores,90,,,,
,,,convenience store pos systems,90,,,,
,,,pos system for convenience stores,90,,,,
,,,pos systems for convenience stores,90,,,,
,,,jewelry pos software,90,,,,
,,,pizza shop pos,90,,,,
,,,quick pos,90,,,,
,,,restaurant pos system features,90,,,,
,,,beauty pos,90,,,,
,,,pos for salon,90,,,,
,,,cashier pos system,90,,,,
,,,cloud based pos system for retail,90,,,,
,,,pos counter,90,,,,
,,,pos manager,90,,,,
,,,pos terminal hardware,90,,,,
,,,pos installation,90,,,,
,,,best tablet for pos system,90,,,,
,,,hardware store pos,90,,,,
,,,pos distributor,90,,,,
,,,lighting pos,90,,,,
,,,partner pose,90,,,,
,,,po pos,90,,,,
,,,cloud pos solution,90,,,,
,,,pos kassensysteme,90,,,,
,,,coffee shop pos software,90,,,,
,,,pos systems for cafes,90,,,,
,,,best pos software for grocery store,90,,,,
,,,liquor pos systems,90,,,,
,,,enterprise pos systems,90,,,,
,,,multi store pos system,90,,,,
,,,best mobile pos,90,,,,
,,,mobile pos devices,90,,,,
,,,retail mobile pos,90,,,,
,,,pos for pet store,90,,,,
,,,cell phone store pos software,90,,,,
,,,cost of pos system,90,,,,
,,,pos portatile,90,,,,
,,,pos wireless,90,,,,
,,,what is pos credit,80,,,,
,,,pos maintenance,80,,,,
,,,apparel pos,80,,,,
,,,pos system for boutique,80,,,,
,,,convenience store pos software,80,,,,
,,,pos system for gym,80,,,,
,,,jewelry pos,80,,,,
,,,jewelry pos system,80,,,,
,,,jewelry store pos,80,,,,
,,,pos system for jewelry store,80,,,,
,,,bar restaurant pos system,80,,,,
,,,restaurant pos integrations,80,,,,
,,,best pos for grocery store,80,,,,
,,,grocery store pos & inventory management software,80,,,,
,,,grocery store pos software,80,,,,
,,,what does pos stand for in business,80,,,,
,,,pos for beauty salon,80,,,,
,,,pos system for salon,80,,,,
,,,pos system for salon and spa,80,,,,
,,,all in one pos machine,80,,,,
,,,pos reports,80,,,,
,,,how to integrate pos with website,80,,,,
,,,best pos system for restaurant and bar,80,,,,
,,,pos 1,80,,,,
,,,pos billing machine,80,,,,
,,,pos hardware bundle,80,,,,
,,,best pos system malaysia,80,,,,
,,,pos list,80,,,,
,,,pos monitor,80,,,,
,,,pos system malaysia,80,,,,
,,,what is pos 24,80,,,,
,,,cloud retailer pos,80,,,,
,,,ipad based pos systems,80,,,,
,,,tablet pos systems,80,,,,
,,,pos coffee shop,80,,,,
,,,best bar pos,80,,,,
,,,best hotel pos system,80,,,,
,,,pos liquor store,80,,,,
,,,pos system liquor store,80,,,,
,,,pos systems for liquor stores,80,,,,
,,,multi store pos software,80,,,,
,,,best mobile pos systems,80,,,,
,,,pos omnichannel,80,,,,
,,,pet shop pos,80,,,,
,,,pos rate,80,,,,
,,,how to make a pos system,80,,,,
,,,pos development company,80,,,,
,,,medical pos system,80,,,,
,,,best pos for retail small business,70,,,,
,,,best pos system small business,70,,,,
,,,best small business pos systems,70,,,,
,,,how much is pos,70,,,,
,,,how to set up a pos system,70,,,,
,,,what is pos payment,70,,,,
,,,white label pos,70,,,,
,,,pos printer paper,70,,,,
,,,top liquor store pos systems,70,,,,
,,,old pos systems for restaurants,70,,,,
,,,pos compliance,70,,,,
,,,pos loan,70,,,,
,,,best pos system for barbershop,70,,,,
,,,brewery pos,70,,,,
,,,pos for bar,70,,,,
,,,pub pos system,70,,,,
,,,bookstore pos,70,,,,
,,,pos system for bookstore,70,,,,
,,,boutique pos system,70,,,,
,,,pos for clothing store,70,,,,
,,,thrift store pos system,70,,,,
,,,best pos system for convenience store,70,,,,
,,,convenience store pos windows based,70,,,,
,,,pos convenience stores,70,,,,
,,,pos for grocery,70,,,,
,,,pos system convenience store,70,,,,
,,,laundromat pos system,70,,,,
,,,laundry pos system free,70,,,,
,,,pos rentals,70,,,,
,,,fitness pos,70,,,,
,,,pos invoice,70,,,,
,,,pos legal services,70,,,,
,,,best pos system for nail salon,70,,,,
,,,drive thru pos,70,,,,
,,,handheld restaurant pos system,70,,,,
,,,pos system for small cafe,70,,,,
,,,what is a pos system for restaurants,70,,,,
,,,pos system for retail with barcode scanner,70,,,,
,,,pos system for supermarket,70,,,,
,,,what is pos retail,70,,,,
,,,best pos system for beauty salon,70,,,,
,,,hairdresser pos,70,,,,
,,,pos software for salon,70,,,,
,,,pos solutions for salons,70,,,,
,,,old pos systems,70,,,,
,,,pos all in one,70,,,,
,,,pos system for mac,70,,,,
,,,terminale pos,70,,,,
,,,used pos system,70,,,,
,,,vape shop pos system,70,,,,
,,,best pos software for small business,70,,,,
,,,best pos system for small retail business,70,,,,
,,,pos display screen,70,,,,
,,,pos machine cost,70,,,,
,,,pos system troubleshooting,70,,,,
,,,pos in english,70,,,,
,,,retail pro pos,70,,,,
,,,what is the best pos system for restaurants,70,,,,
,,,cloud-based pos,70,,,,
,,,how much is a pos system for a restaurant,70,,,,
,,,pos for hospitality industry,70,,,,
,,,pos training online free,70,,,,
,,,pos handheld terminal,70,,,,
,,,pos bike,70,,,,
,,,grocery store pos systems,70,,,,
,,,furniture store pos,70,,,,
,,,pos furniture,70,,,,
,,,pos home,70,,,,
,,,best liquor store pos system,70,,,,
,,,best pos software for liquor store,70,,,,
,,,liquor store pos system price,70,,,,
,,,most popular pos system for liquor store,70,,,,
,,,pos system for liquor stores,70,,,,
,,,pos with loyalty program,70,,,,
,,,pos system for pet store,70,,,,
,,,cost of pos system for small business,70,,,,
,,,pos systems pricing,70,,,,
,,,price of pos system,70,,,,
,,,pos web reporting,70,,,,
,,,wireless pos terminal,70,,,,
,,,pizza shop pos system,60,,,,
,,,pizzeria pos system,60,,,,
,,,how does a pos system work in a restaurant,60,,,,
,,,how to use a pos system in a restaurant,60,,,,
,,,what is a restaurant pos system,60,,,,
,,,best pos system for small retail stores,60,,,,
,,,pos software for multiple locations,60,,,,
,,,pos software for supermarket,60,,,,
,,,shoe store pos system,60,,,,
,,,pos system for salons,60,,,,
,,,pos system salon,60,,,,
,,,pos repairs,60,,,,
,,,list of pos systems,60,,,,
,,,pc pos,60,,,,
,,,pos features and benefits,60,,,,
,,,pos system with scale,60,,,,
,,,tablet pos solutions,60,,,,
,,,wholesale pos system,60,,,,
,,,smoke shop pos,60,,,,
,,,vape pos software,60,,,,
,,,vape store pos system,60,,,,
,,,ecommerce pos integration,60,,,,
,,,best pos systems for bars,60,,,,
,,,how to set up pos system,60,,,,
,,,pos meaninh,60,,,,
,,,choosing a pos system,60,,,,
,,,how to choose a pos system,60,,,,
,,,best mobile pos system for small business,60,,,,
,,,pos philippines,60,,,,
,,,pos system philippines,60,,,,
,,,cloud based pos systems for retail,60,,,,
,,,ipad pos system uk,60,,,,
,,,pos partners,60,,,,
,,,list of pos systems for restaurants,60,,,,
,,,top pos system for restaurants,60,,,,
,,,coffee pos system,60,,,,
,,,bar pos system free,60,,,,
,,,hotel pos software,60,,,,
,,,hand held pos,60,,,,
,,,handheld pos device,60,,,,
,,,handheld pos terminal,60,,,,
,,,table needs pos,60,,,,
,,,best pos software for supermarket,60,,,,
,,,pos systems down,60,,,,
,,,garden center pos,60,,,,
,,,pos kit,60,,,,
,,,pos peripherals,60,,,,
,,,furniture pos,60,,,,
,,,free pos software for liquor store,60,,,,
,,,how much does pos system cost,60,,,,
,,,pos pricing comparison,60,,,,
,,,pos rates,60,,,,
,,,sporting goods pos system,60,,,,
,,,pos system for vet,60,,,,
,,,wine pos,60,,,,
,,,wine pos systems,60,,,,
,,,pos help desk,60,,,,
,,,popular restaurant pos systems,60,,,,
,,,portable pos machine,60,,,,
,,,best pos for small retail business,50,,,,
,,,best pos software in india,50,,,,
,,,best pos systems small business,50,,,,
,,,cbd pos software,50,,,,
,,,how to use pos,50,,,,
,,,pos 3,50,,,,
,,,pos promotion,50,,,,
,,,pos purchase on bank statement,50,,,,
,,,pos system with cash drawer,50,,,,
,,,what is a pos purchase on a bank statement,50,,,,
,,,what is pos on bank statement,50,,,,
,,,what is pos pay,50,,,,
,,,best pos system for a bar,50,,,,
,,,pos debit que es,50,,,,
,,,pos zahlung,50,,,,
,,,pos loans,50,,,,
,,,pos with accounting,50,,,,
,,,nightclub pos system,50,,,,
,,,pos bar,50,,,,
,,,pos bar system,50,,,,
,,,pos systems bars,50,,,,
,,,bookstore pos systems,50,,,,
,,,apparel pos software,50,,,,
,,,best pos system for clothing store,50,,,,
,,,best pos system for thrift store,50,,,,
,,,clothing pos system,50,,,,
,,,pos system for retail clothing store,50,,,,
,,,pos system for thrift stores,50,,,,
,,,thrift store pos software,50,,,,
,,,thrift store pos systems,50,,,,
,,,c store pos,50,,,,
,,,c store pos system,50,,,,
,,,grocery pos system,50,,,,
,,,pos convenience store,50,,,,
,,,pos system for small convenience store,50,,,,
,,,best pos system for florist,50,,,,
,,,pos construction,50,,,,
,,,pos for home,50,,,,
,,,jewellery pos software,50,,,,
,,,pos nail salon,50,,,,
,,,best pos system for pizza restaurant,50,,,,
,,,pizza delivery pos,50,,,,
,,,pizzeria pos,50,,,,
,,,pos systems for pizzeria,50,,,,
,,,best quick service pos system,50,,,,
,,,fast casual pos,50,,,,
,,,quick service restaurant pos systems,50,,,,
,,,handheld pos for restaurants,50,,,,
,,,pos software for cloud kitchen,50,,,,
,,,pos system for bar and grill,50,,,,
,,,what is a pos system for a restaurant,50,,,,
,,,what is pos in a restaurant,50,,,,
,,,what is the pos system restaurants,50,,,,
,,,best retail pos system for small business,50,,,,
,,,it retail pos,50,,,,
,,,pos system for shoe store,50,,,,
,,,pos systems for grocery stores,50,,,,
,,,best pos system for hair salon,50,,,,
,,,best pos system for salon,50,,,,
,,,best salon pos,50,,,,
,,,pos salon software,50,,,,